V1;V2;V3;V4;V5;V6;V7;V8;V9;V10;V11;V12;V13;V14;V15;V16;V17;V18;V19;V20
-0,124998870523270203;0,335637269407501382;-0,14371874604054630;0,43333960221980883;-0,40050903594509440;-0,01225594307968265;0,28048769580152239;0,15131478538290216;-0,20789415364648683;-0,033023022742539182;0,027629099408563423;0,00354079420212706;-0,03252393766058465;0,088274209339882337;-0,06594759603240168;-0,02787100339795853;-0,01037719141190901;0,14247127590838565;0,11414335212296808;-0,08489926536987474
0,068399754442678651;0,278650734309113468;-0,10814550019545835;0,37637276002686881;-0,38250234651005743;0,07094830016555061;0,06573924577359462;0,04721213642031861;-0,10825878137484961;-0,142404764570206288;0,132062010023633353;-0,03708397803267202;0,09334169377277000;0,184277615342563927;0,16716765659630917;-0,12859639161157360;0,00342260153147759;-0,13906793317365373;-0,21391902810186131;0,12945974896595794
-0,475454167135426931;-0,037122754740319834;0,04329268039084305;-0,19317895557848538;-0,25699228621137216;0,48558404105033770;0,03865186607215548;0,16644752907518118;-0,08801611326638317;0,020266089015687504;-0,044878222329035308;0,02869143717105403;-0,02932415448883620;0,024539431600666399;-0,03691560097267401;0,13184845391377056;0,05812938793768508;-0,05732389403247964;0,08637325015243262;-0,05328746518584730
0,430521452334525767;0,321204817058365566;-0,03406312187536594;-0,35313749188287102;-0,06649019572749275;0,04502363191736743;0,02051951601805719;0,05141997484637335;-0,02055227500939790;-0,140968853292148061;0,018046436090501612;-0,02484466532865583;-0,00138756194869522;0,196031757757694602;-0,11310194418959651;-0,08454469790861432;-0,05357233307790588;-0,02147373765199353;-0,08625399144992679;-0,22597605624736927
-0,028600765157633497;-0,330914365519006992;-0,39931423921720061;-0,05993521801993425;-0,10270392031856365;0,09838522346827450;0,05915291920053640;-0,04922351376937331;-0,12168794749600577;-0,143424787392743114;-0,090582109878268396;0,01224320617694084;-0,06938144904388786;0,045276063876373077;0,11932893064788924;-0,11850468251075882;-0,13072699215615136;0,08737741785474296;-0,06875685236377228;0,07165759940835170
-0,470402308259358914;0,376678624850187604;-0,11985404607074886;0,05885505416394436;0,15783207284818102;-0,08851126802725504;0,04180062239551759;0,31748829702109932;-0,25470471260779942;-0,052973046110374566;0,057347085461794525;0,01914700860583169;-0,17379713043834996;0,092741038275066495;0,01925875512755795;-0,01185520329174838;0,02427532351209437;-0,06105335200272585;0,02747228985042948;0,03965425770042146
-0,073457558806609702;-0,335638853935767589;-0,36309819183158348;-0,05687590721029552;0,00584080660832571;0,26977169869626821;0,05663955429095566;-0,03779258632902981;-0,04830528437501731;0,013710280694833500;0,055360881271231184;0,10054554206749032;-0,14171738083940050;0,013550185219117463;-0,04923422557596339;-0,07382764229217259;0,20537482585962472;0,02460393140404069;0,01155969490238981;0,05664822655478453
0,408550437975227720;0,364529460239299385;-0,06512013534523670;-0,24151656357228954;0,02001411093159011;-0,00204165063749504;-0,14309228260287468;0,01483650870425101;0,06813274154902675;-0,036605712015290934;0,226271656438851970;-0,12885908157082807;0,10044124834861004;0,090297768941855830;0,10915854719970575;0,04647910063822486;0,13606860093694026;-0,16541500209122764;-0,01360743301952040;-0,03083423323017791
0,227873853700689355;0,432305057113812785;-0,13367824188680311;-0,07830418818207578;0,20425146422126961;0,23928319468344086;-0,03460875104288328;-0,28368872250801924;-0,11252362425034521;0,011979277447048138;0,160768594579420276;-0,07845288633070559;0,12115400459800862;0,027203329315900616;-0,08597726862779392;0,03489335241383131;-0,05308995458899803;0,10721606972739361;-0,01374649424534870;-0,01581587113348298
-0,060050013448038259;0,196791767202844831;-0,10168426163650232;0,39530180866282355;-0,23960733259256684;-0,07730541093520743;0,10235784362448859;0,12667111119678612;0,08351321279205350;-0,078071112528569214;0,085232613969198720;0,04026272212174008;0,02217708174880022;-0,311608410134868064;-0,09327406265219636;0,11516225827502291;-0,18238468829341647;0,21089286913902489;0,09961918921765367;0,16489524566494501
0,429394173556307046;0,245371008411671032;0,01867382782377936;-0,37023169396534961;-0,00698580754834429;0,03190186165276346;0,01451753071800011;0,08637021592053923;-0,06098314630946402;0,025670266699654436;0,029452694251567595;0,04036848329748759;0,16173484265771748;-0,099259688742124222;-0,17396849487070978;-0,00114928225574009;0,18065032378348517;0,01219932028119358;0,16109089520429312;0,05546396327615646
-0,648927553850717986;0,202066333345959248;0,09952680907283015;-0,19768845401320759;-0,04816922939151342;-0,03171532791772395;0,01817308931831608;0,03177905118470692;0,06343001280652662;-0,122092778677898195;0,014509070161915523;0,13736784542078453;-0,06701147818189153;0,036940287509101825;0,10307578281744767;-0,11456403182513213;0,08571755193630744;0,07138083812234636;-0,05259683839034758;-0,03208728922323970
0,016770839813341886;0,490924264269168242;-0,24208447125497207;0,30447898898090059;0,26814624246210172;0,30502455453907595;-0,16220331309553246;-0,02595982889975981;0,03191082568926876;0,010307341924622694;0,097246922842280509;-0,02303598255390574;-0,03510279461186321;-0,019445393493965839;-0,05869250088648539;0,00766264668884553;0,11447154857775155;-0,13046959793111387;-0,14413920259060098;0,11343996550355216
-0,495814265470201687;0,103100169988310633;0,15913540034491294;-0,30324096966344261;-0,05845419427919801;-0,03809030238720941;0,18297706671927449;-0,11340104311314854;0,13797552105430338;-0,068561561633284987;-0,075870712292503265;0,06067078199368824;0,02015964376419365;0,062098302416073184;0,15464184172464451;0,05120412072674967;0,01437423300833508;0,02835288131978460;0,26513751759648846;0,05429606384595078
0,275532068093451044;0,204365819963897993;0,03690122212968972;-0,39632753240709884;-0,17977494293985247;0,01513392972472184;-0,05251972228388491;-0,00780111918290722;-0,17305081669409947;-0,173928099703117844;0,114597668181491238;0,08049963437705591;-0,18684012414240769;-0,151294830415315856;0,06081091511844598;0,00282799381644356;-0,19204358557753973;0,02428402509780279;-0,10582612784854883;-0,00806384262899250
0,338992915752474311;0,225866504336427021;0,06130724824474691;-0,32751526439649514;-0,11225433701395353;-0,14283165971698777;-0,18934579815912361;-0,08025953630685076;-0,22596973526284247;-0,018821255635005963;0,060219507442127854;0,18182653694306458;0,08938823222517159;-0,034789149349021838;-0,11771670775402038;-0,04074574465188905;0,00929760722771742;0,09469672125677665;-0,06770536785389418;-0,01385081276149235
-0,027013310222755094;-0,301171128254670295;-0,42055226084077468;-0,12380349138653723;-0,06655232673259812;-0,03867082169025640;-0,07805665609041694;0,15657909794183950;0,05892693610255930;0,023677826737598023;-0,073740220418361965;0,11444727214964008;0,03973851005674375;-0,002123007913358864;-0,06354309398121183;-0,11046281867818640;0,04963669693084799;-0,01964071316217652;-0,16737637818397827;0,12418029310701748
-0,206264271552898476;-0,321971735770028133;-0,32897065271075965;-0,10743513532732579;-0,05987668902453915;-0,02913290180426886;0,00688950421044672;-0,27210049206054771;0,03646891984477123;0,013372065243827549;-0,021983631187228073;-0,06655476586487227;-0,10043365080379978;0,126455103865569157;-0,01292506668065998;-0,02001930535932785;-0,10485613588111098;0,02103723282537471;-0,16702601357593080;-0,06372506269477733
-0,524532780464704751;0,033658862049445612;0,13341516283016988;-0,21837542497446630;-0,28529964114643863;0,32954856108977826;-0,08034287947431318;0,10996423039478426;-0,10610939183928347;-0,072187782382665350;0,007025364247182366;-0,07535537490379751;0,08283438025479758;-0,009284275285524359;-0,05658672813241110;-0,18085963770999164;-0,03468688102625628;-0,00867205493380341;-0,06537203324583679;0,12020424240760880
-0,462255437760168642;0,312917962552695050;-0,09062113751562791;0,02803515302204724;0,26484906109373241;-0,18333918932517246;-0,03640042288743338;0,29165930756050934;0,00716163654562765;0,020200120735540179;-0,087605885178841783;0,06474818498803343;-0,19089522049551652;-0,118982548500160101;0,11827511908010244;0,08759743000514014;0,01908329355526037;0,09206356877388654;-0,17009789107857762;0,03337292548795850
0,324436897088496656;0,285471542515629673;-0,06862625399435600;-0,28215851811508147;-0,05313096764927910;-0,10960851635642149;0,10885609367736719;0,05537688743168644;0,04861312856705755;0,240248865605255491;0,097344285639641634;0,21542857154506412;-0,15646517653862635;0,062987421736258403;0,12024226350302047;0,14404513380200862;0,10469945684120391;0,04528618004371342;0,10044889910651639;-0,04587674460755279
-0,045289244564384275;-0,284958659956360494;-0,37808451622043976;0,03425690089668231;-0,03930948424209617;-0,07136096892378160;-0,03512020906444969;-0,15241041557613225;-0,03524374865855884;0,120829232793715519;-0,046993407254004943;0,00909142915751736;0,16547204390648590;0,047697993281332632;-0,04587411185787766;-0,28193201310817317;-0,00349093362198930;0,03820491454884710;0,01602652285183294;-0,00956496400914290
0,129017092565411912;0,396651982723925545;-0,18426677166899871;0,35293594824273927;0,26036875835873552;0,21330562348905902;-0,04221935822247139;-0,05920998678633354;0,09966041660041292;-0,014369046246856688;-0,134973710654736484;-0,08416521478584703;-0,02503072998385829;-0,126444778465257701;0,15690358927890344;0,00229236205723786;-0,09001879886772340;-0,00548925650516725;0,06220870471287235;-0,03274122565909066
0,367749776619133273;0,110515272083525434;0,12966313859490214;-0,36241250031583955;-0,05875352844158644;0,06584597627561391;0,08400162371622341;0,03558612482619397;-0,01110063213543889;-0,000491672919168844;-0,158823137845103296;-0,10579392011002213;-0,03822938051356224;0,145419451759881191;0,01828288932271616;0,08747861588846309;-0,17252060967683211;0,11025170416016294;0,14173107692677656;0,17837126242321727
0,028341181696181505;0,215084220710527352;-0,11560875767793997;0,32076046980394457;-0,25932796362108579;-0,17758970025023130;0,06177803778260368;-0,14564222873762042;-0,17981042955076898;0,016044933344451652;-0,094825402078648216;-0,00150959765323741;0,07100420620118612;0,080843850443643672;0,24607086099795922;-0,04625131143118394;-0,09522588953521957;-0,24781328949022424;0,05678376403539745;0,12950307432625696
0,027916116725762417;-0,272875994527672971;-0,39023224531250383;-0,06239082483448417;-0,04954600528182434;0,03684903205211119;-0,00445476141302787;0,06991514770379599;-0,14027130722035033;-0,201851879950625507;-0,019647117377741781;-0,17342118466648263;0,06845190213020712;-0,213228671769126854;0,03304133007887532;0,00795873855147287;-0,01193023576784286;0,02107682035542158;0,03427799295860313;-0,04426718648294654
-0,431496607276267985;-0,039286748515017386;0,29349503082190453;-0,09176512810690464;-0,27228445795852424;0,18363444935744652;-0,21623951748786105;-0,01959235657607996;0,06381377106467968;0,017722761709673050;0,084867088972425703;0,20036005082477437;-0,07414939347163918;-0,061370020566085627;-0,18991570836469637;-0,00704883227788140;-0,02683798227519038;0,03819938345514858;-0,09450062321084823;-0,13306368642661739
-0,055088212147642215;0,163037098823688081;0,04773784960766777;0,44847972821152726;-0,31797107349765941;-0,06752261479036187;0,12495800242901153;0,17048950543930028;0,09124880652026257;0,176728130814721884;-0,128623011154569755;-0,13278664914510210;-0,10852603964016964;-0,116212513358162101;0,05609642358110608;-0,06345734905214677;0,16362341312929862;0,19882146825008379;-0,00149376216035985;-0,21128666454539161
0,079546400306273635;0,492144635525709973;-0,20235026495087197;0,24414257784452692;0,37908667149660324;0,14839744476095260;-0,20617296281752154;-0,02438045545014990;0,10909846115908653;0,127435744412372515;-0,077306494342078161;0,03395605046128468;-0,04123184660747334;-0,009882552483992493;-0,06474153467801802;-0,02684292974567172;-0,17920296282119019;-0,03890625916216722;0,01133325009097572;0,02966159997263702
0,385758986239900903;0,227108964508164451;0,07448432120200391;-0,31200730323664305;-0,11912670261279586;-0,15502235027937575;0,16101085878217664;-0,06919924874392745;-0,05064988156094771;0,179595199756506924;-0,044052915607549321;-0,13157616755816515;-0,12189956745299224;-0,140849955250944070;0,06720480108656637;-0,08457992652850080;0,06374617701571673;-0,16098072372069913;0,12420365683517985;0,05954079036729926
-0,112280991892358739;-0,254396821733335110;-0,41121102776627566;-0,05595654634550923;-0,12700729232811309;-0,08466559405752759;-0,16221307348472688;-0,14623604551959868;0,01797914981391732;0,083153011805743360;-0,175455687193601328;-0,03183708402600584;-0,07451923355553614;0,011585468412228992;0,11457909417304542;-0,07559770617267807;0,14314627467966068;-0,07583630745385711;-0,01711698504280801;-0,06085605846853057
-0,599313712378369168;0,103491060085801515;0,16856199282739187;-0,21301998779096892;-0,10491614023490634;-0,07480398063854059;-0,01351699473158106;0,02227944624101050;0,13863931116399494;0,206119187639072665;-0,093294953993288701;-0,02527440756105374;0,01196225097099257;0,091951197630104231;0,08140474688922884;0,13375508192107166;0,13448021342881633;-0,07548789510667488;-0,15679801064130389;-0,10101821711480100
0,016487567216900294;-0,329638331120364114;-0,37964170303732142;-0,05418605750660037;-0,02389296592530930;-0,03228877526607021;-0,08783042109597318;0,01286023323082808;0,13124026846963055;0,173504233144365638;0,031205307517520472;0,14754866353133805;0,08943650227050284;-0,123424129081292702;0,00872884013821187;0,01209205636250044;0,06084732760824444;0,10060154839999449;0,10379119329072592;-0,02315435166436595
0,316395368418482648;0,285550119993149942;0,02903444278816944;-0,28630886917305354;-0,01898796509516429;-0,04529677525756097;0,01030084026309011;0,13179455044349553;0,15885921887200147;0,140808432542231465;-0,229947601852576317;-0,02021208842714779;0,07829955496871083;-0,070150808842538201;-0,06675588199882099;-0,31767570072588580;0,01788491183377545;0,13483851048125242;0,00456805748754574;0,07725346823727999
-0,076278524455637514;-0,174362148947600853;-0,39235667747488900;-0,02892567671745744;0,04912777879236165;-0,20693773392372969;-0,00403458510458109;-0,04127063741628897;-0,03160525818375724;0,101192367834792310;-0,035018504184347612;0,14269066892775170;0,08508665471395113;-0,151232616302436507;0,04960941520786505;0,15942741893475953;-0,13538180735738756;-0,07933819438555492;-0,11411120703779179;0,21163151331409624
0,270926584071951915;-0,111735836621294285;0,17605156842636385;-0,04029227478984009;-0,17023383649799598;-0,15452350608416140;-0,11089221966193881;-0,12492028284168474;-0,13290110129210164;-0,058499447769745992;-0,359344601420458931;-0,18871262501634392;0,06537610008042827;-0,059878006368947509;-0,05661474794544666;0,01297325199525323;-0,01215082532095153;-0,00116399009312773;0,07807414452736658;-0,00686075902815697
0,226235832344917592;-0,198983313523943800;0,07068398859202052;0,06598124494497981;0,13212257580019116;0,06258222833422147;0,07651480027327387;0,27375401842618302;0,08534190557148724;-0,117275439332694284;-0,228689141024997961;-0,16483115592904654;0,10343862862122122;-0,126796622968098183;-0,11932785024676448;0,15549326731486182;0,11206243652638052;-0,01253100354172994;0,04973999592473767;-0,01412008310439584
0,096291184469316268;-0,321996642063599736;-0,22220952606677183;0,04795136214533756;0,06732206604851797;0,21021121041868873;0,01095745834077296;0,08119203618465010;-0,10804776953787922;0,193207153329229692;0,067229522999152330;-0,17075629947143717;-0,00285848017423583;-0,011345907078151835;-0,08722895177811828;0,01415326517785273;0,02331354255556476;-0,06376880646373387;0,19100680756041397;0,01310021499850164
-0,455461319359399375;0,063902011223000960;0,08536923466340061;-0,07387586818599576;0,23451600683223872;-0,18366815742447595;0,05917838038268629;-0,27067591266797930;-0,12152095091663523;-0,034842709133095284;0,114629064973089917;-0,19812179646487377;0,06638063890866151;0,030450260763650545;0,12058715630263532;-0,01775257251831967;0,12651201618007712;0,14495512955078452;0,01277428357865739;0,11224488121404892
0,060386172332142274;-0,331053650286719570;-0,25920184029225318;0,02950174099342566;0,11026739142981505;-0,01869094962672536;0,07455746448279262;0,00076477586396792;0,23756051686063523;-0,181987685874395677;-0,051900032806601534;-0,03631295497847142;0,13329811074714598;-0,047172619927410647;-0,09568291748702357;0,03974411639591324;-0,00046277996267724;-0,13181758550140696;0,04528032943331534;0,10231474049847279
-0,049236673902754248;0,384382070014095134;-0,01753133358360841;0,23405642721423250;0,14766447338377642;0,52897600567856196;-0,12996616598558458;-0,22676744757862344;-0,00999315947768098;0,053909765678871333;-0,081683003700205994;0,10490400073599211;0,10341959115391303;-0,045726754490614301;0,01088859921820890;0,00345409861294431;0,05722584069847434;0,20282806806867434;0,00208303211910412;-0,01701138000547424
0,263968029490474321;0,488329231640412864;-0,16629788111206142;-0,11696004696955657;0,22390064032979493;0,14335379480832131;-0,09377202546210746;0,04715947956542284;0,03655169318636009;0,036263160136639778;-0,155927755816463898;-0,13859324644678694;-0,18036265911075458;0,161394708938229714;0,06668120629685852;0,08952215590231452;-0,11022623856007799;-0,04237220334395980;0,04886660737373476;-0,05991418620634236
0,055002855401984865;-0,341969295016324837;-0,28418117839297047;0,00807835806325555;0,03189805911611388;-0,02958237897425106;-0,04493865716302206;-0,05366444003356910;0,03608040482984219;-0,001145189235252269;-0,019339086983715684;-0,14458582975040007;-0,11794420411567380;-0,011403997539320331;-0,11656913105205846;0,19986000975616580;0,21011873964469588;-0,06404900036690385;-0,12740677116173979;0,08658657924953204
-0,341457669135711683;0,267779898271667649;-0,08243527033881018;-0,01509258714256651;0,30788055510106555;-0,33119448825258307;0,03786516638161501;0,18309194369338416;-0,02981964265195604;-0,051094147761406743;-0,169233170701509256;0,12280193994365311;0,08585579139896593;0,167944827652108386;-0,14322167275381908;-0,08244264658375799;-0,06938193894347172;-0,02675339548060331;0,00224833216828567;0,08995023940405336
-0,079507548948286710;-0,274145809636765103;-0,40415944249688296;-0,06124502281244010;-0,02895705923022296;-0,08019279935624582;-0,18950222009847678;0,04862815093378073;0,06791469209947935;0,013233055369214139;0,111051752081945315;-0,13011178082986818;-0,01616374774780201;0,160847912708048102;-0,04973421722171634;0,08546891532946907;-0,05598260104894340;0,17156281293151468;0,02642058803149230;0,03060448682866816
-0,525617206060658870;0,096496944434330142;0,22298394606414826;-0,20555168701402005;-0,02637443250159135;0,11358721150407952;-0,04762873857159024;0,00336401038462311;0,12155458008296663;-0,086052685459813677;-0,056591495556452855;-0,08770887467822770;0,15385317751367716;-0,297023218499876396;0,05718845565099517;-0,02421081220347528;0,04565803174551097;-0,31583122783445849;0,01471021067222395;0,05083108723844873
-0,332805217655931851;-0,054024662720818788;0,31767160213049339;-0,09754704701358290;-0,17730966360980929;0,10562833459409547;-0,29998990836571859;-0,12685201840623314;-0,05745513027108583;-0,041651281080313581;-0,144737178885301770;0,00736557048852377;0,00549277166496683;-0,083915695828532338;-0,16311032977238951;0,12550070706303659;-0,25817468293750945;-0,05865840353943466;0,12180029437638093;-0,01242711850595632
0,050776496245348156;-0,418591255289826547;-0,18651481601328254;-0,07780243013612440;-0,00133185048671042;0,13962863078952920;0,04967391236094340;-0,02657257637768582;0,04551067185189519;0,035857604950024768;0,016347213010591489;0,05981907254064864;0,07224564505374535;0,114772172849154780;0,10837961667775170;0,13615196260563101;-0,15878025531009551;0,12174914131063067;0,11520180073840629;-0,10390672012197544
-0,476656814634541126;0,130989503443851185;-0,01608475258166642;-0,08587103122500496;0,29251011926914089;-0,25172362409016508;-0,08637365746793228;-0,04786773149554226;0,09763826982050158;-0,029909210758277249;0,006385482562405315;0,10965018516090697;0,18683953235776651;0,058913570922402674;-0,05185943746181096;0,08397459428718003;-0,05734589234301025;-0,02520756786812543;0,03637331964469653;-0,23455437356173039
-0,010158350200245627;0,260874966282782894;-0,15162312335146899;0,21933216013799098;-0,14408501618442315;-0,23497678759506918;0,20038335398385845;-0,04607086391731217;-0,21712898845235865;0,022468733021937470;-0,122854016161752150;0,00552485748263522;0,01515800632568116;0,186656490258424679;-0,23111054699939201;0,26693676373609754;-0,06904353772836415;-0,11377379971497871;0,05709223481781008;-0,08726708279456741
-0,096298563195438155;-0,244789850867669551;-0,45724673298958241;-0,07009843645736752;-0,08930913118957350;-0,09307012939017316;-0,11280077242639162;-0,07010516195217825;-0,02361184639604300;0,008799240588477053;0,136983791201978844;0,06760595312128026;-0,17229783644787100;0,004490093562000246;0,02960581011221270;0,01282987324039648;-0,12180000468614924;-0,12865514727677185;0,07218881778311778;-0,20890236741329168
0,257019188918861607;-0,291063037582951878;0,13525370885645591;-0,08875301224920459;0,11859449799096519;0,17752805420047377;0,22637644484879876;0,22707677685901015;0,00287246069270480;0,163720500295074040;-0,105714583880239507;0,06755977640552926;0,01322083939517342;0,117724413884285811;0,03164996504656888;-0,07909131610956810;-0,05543355125175538;-0,08218653321670959;-0,15292248905770384;-0,14773821713949312
-0,169750411904730503;0,101167414041177364;-0,01476325774485119;0,02531293976176643;0,31552228280675754;-0,23102863484483674;0,04681918741487516;0,09281148622087348;-0,34668147856375786;-0,022880378904170103;0,068142714423683762;0,03575895741147148;0,19542818944750867;-0,199247710742418316;-0,01039039077937960;-0,12228159124823129;0,16564417354605046;0,05729162668545285;0,05276672883567370;-0,20516687848448126
0,261026182579089494;0,213005188153006758;0,06358615749050760;-0,23239619555184859;-0,14485933975421497;-0,10559822768330021;0,10024244756132916;-0,04022644871353477;0,08525377681012092;0,075321946348226462;0,149092816938334982;-0,19691381689569326;-0,05578032509307875;-0,179104496216194620;-0,09677954358497336;0,06632769313576409;0,05161336490404081;0,21989170246153331;-0,31789785218165950;0,12908780753348220
0,413480202186249535;0,136879305187578459;0,07916170017046173;-0,26108452562599788;-0,01018807271090070;-0,14756331645273232;0,09768474984243143;-0,12326384845086380;0,18410983063228847;-0,092326714265418525;-0,149159819598359639;0,16857133769175930;-0,00548867106410079;-0,000803664930823639;0,10177969576230916;0,05710681091112659;0,06205027751166491;-0,06843148857962926;-0,17097533806908702;-0,02583861394256785
0,275017268258074765;-0,266889052779373248;0,16208110863252109;0,02523517751249109;0,09828942973925288;0,07006816460729773;0,15408065351577255;0,06579982710591734;-0,16229756996706721;-0,041721456953114591;0,074322063697564347;0,08877701334810795;0,12881946235213015;0,136564730549609659;-0,06328732896391084;-0,13776879309954818;0,20687516867138567;-0,08802227727553456;0,01161308949824449;-0,03620997706890768
0,130592697802696556;-0,265732667291052271;0,34118366219281115;0,19452962895845025;-0,11203919326799380;-0,04308251183912275;-0,15314928384307785;0,05811571610595388;0,12290245907294660;0,103191473261727049;-0,119008987603734767;-0,01805674544095634;0,08585137987380799;0,011825399797112147;0,17432253563562686;0,09218106695260775;0,05421148563561348;0,04256881815729290;-0,02590250107437320;0,14606435628596465
0,088008025317324115;0,217603228632074652;0,02938776387970228;0,35124969625093139;-0,20783092898715499;-0,01786853310728110;0,22394997052840826;-0,14240672844098121;0,11779074884677103;0,151991935732377681;0,051913397997795277;0,04092996984098703;0,31620042921283809;-0,010398475852568732;-0,18112674174057489;0,06888225257165681;0,05096918404078474;-0,10068462815926343;-0,13295446456420162;0,05991458050541258
0,216089126343781412;-0,144707110309769793;-0,04783745500587638;0,04019082249896924;-0,01806518500474405;0,02084547784704205;-0,01543958022949144;0,26593144865809265;0,23894109921153095;-0,129492641781761175;0,257623619210050669;-0,03905341617891089;-0,01557474895892725;-0,027961433849838610;0,14953564504312869;-0,01442214124678862;0,04703110219773583;-0,11140429272363839;0,20714172419885576;-0,08859487669560076
0,072746041360115338;-0,262957185533075455;0,35369328717482357;0,15353464389308602;0,08558333241034975;-0,04312076732675739;-0,11015135528718441;-0,00261896628831697;-0,05858297353228299;0,045068431195083088;-0,030386719488123791;-0,20775223279799354;0,05993793481500546;0,054431088462963705;-0,07624795094454813;-0,19368918020351503;-0,19403017183603039;-0,13345979315503656;-0,10910805110688049;-0,11494691705300923
0,160914556019630922;-0,018004086096450916;-0,02024199224873286;0,09755696977653333;-0,06389894181912456;-0,03562810372284801;0,17962363129535366;0,10981318885300534;0,28455557439106827;-0,233324057553682018;0,123027203957669085;-0,15824478405700035;0,21157631624094267;0,015384728908635181;-0,01411893938132636;0,18129601088678654;-0,19243926644523002;0,01559772794797948;-0,11337670634122182;-0,27579910317990702
0,084899062553726035;0,199795267446824021;0,02379321008832070;0,26086288377099132;-0,14234539252906464;0,08504436856451958;0,10751387891309844;-0,19958076947262970;0,31618299434933506;0,021104831539679243;-0,060165728097550039;0,35966980777027324;-0,05057002682994518;0,033033488700359999;0,12740202287027280;-0,13234711784119352;0,08899705781864795;-0,03153903399718214;0,09046938395817587;-0,05352446089518197
-0,507698933017150522;0,115456898481861497;0,21366201612083235;-0,22722812158577751;-0,03628389458238736;-0,09816151893237184;-0,09126283663507070;0,08600157458828897;0,04565488400552379;0,268032395433563442;0,213718327402405595;-0,18041897683108596;0,18459736299190724;0,094560165365407511;-0,00460261726835361;-0,04700592666722433;-0,13268111190875198;0,03633542656842657;0,14249975356668695;0,11656009943260526
0,072813932239327098;-0,220624062936217419;0,30984572233114271;0,18519058663720508;0,06511362358868517;0,03020704459204698;-0,17944134902295822;-0,09928663683879468;-0,27718879411193265;-0,089074450528303081;0,022427125754758484;0,02353220230976411;0,28191962902784556;0,033664797281012078;0,16861284044083308;0,07905893018960904;0,15951521863548845;0,05692879425350571;-0,04868641352150853;-0,12000937251526694
0,226903589284568885;-0,167727926589904791;0,13384210902928842;0,00926427464566929;0,13626162126969715;0,00198900077076064;0,26133122495297106;-0,08901507934061413;-0,07982525902542550;0,128863941778623925;0,217911335405254675;0,24066843262291937;-0,01376297232068659;-0,205911977721722816;-0,00565126698283525;-0,10214280506240832;-0,20372960089912601;-0,01519641519791884;0,09598075193067473;0,05008072360925294
0,196849182769652492;-0,142942594079050661;0,22271033148288130;0,21204838922742728;-0,04116139840571872;-0,06009300668791284;-0,25606500367203311;-0,00522638909855131;0,07224773058769139;0,004808409828209455;-0,246379927823750317;0,10803145185234519;-0,09879654830449525;0,215222988917222302;-0,20367671017091127;0,00369853914525176;0,14100492043266799;0,00174936906308731;0,07093737319521759;0,02975817942529732
0,058951125604055979;-0,344518245192224126;0,29692786019665957;0,05822167322415400;0,17746319608204453;0,13030651773780441;0,15825099098538531;0,01749611917352134;-0,01421852777901742;-0,091941389483635644;0,000365639624671057;-0,05504938933856781;-0,16147578131335424;0,088633836849333000;-0,08752037917710773;-0,19032312182518474;0,06810949239913330;0,07506646184305885;0,08524858421448132;0,05322295449472367
0,044313911968233533;-0,273675265124457501;0,30189456187923452;0,01777420663153935;0,21832040994630866;0,07421252274547722;0,17253120438302427;0,12923109319527037;0,07589982920953245;-0,022218565372466262;-0,082697169940722196;0,00297895692104175;0,07716115675750035;0,074883779880985352;0,23952542523058315;-0,14707773751738404;-0,20405406147329225;-0,03395899820440999;0,00838110138173140;0,12204396379017556
0,113953234351549151;-0,142695730366256490;0,31376983536441699;-0,02177230665667891;0,01927130949062023;0,12219987342578130;0,02754605621694691;-0,18026573407367408;-0,18072984076216700;0,110028816643834862;0,052042695292509544;-0,09901847103986111;-0,02794242929594244;0,003400852111402203;0,37661479969055434;0,26165498919808355;0,06013605789285698;0,08099231153012895;-0,01348864908556542;-0,04340817439955341
0,288293447727694496;-0,089094755433360096;0,25822116256148414;0,10370922347423586;-0,01242592454141955;0,00420980042522090;-0,14394514164881833;0,03710184260428429;-0,05658686305514609;-0,325679865240379174;-0,002493664069992081;0,31875592426376803;-0,13184484115205772;-0,104138813564807073;-0,05965675616797077;0,04887998984721016;-0,06509219950290898;-0,08067550607927752;0,02357122134467589;-0,00497607857393983
0,073196023210631497;-0,385643571024195886;-0,00124749554344903;0,00289203883283552;0,19694622576372159;0,07570231870226660;0,05218577627899811;0,26523811478868237;-0,11237417629176745;0,030053211427901183;0,053351484999404369;0,07240662416428301;-0,00871159324306908;-0,121551098260247348;0,06800673104914118;0,13448127879950794;0,04056210187672653;0,03292834044585945;-0,09780142858144367;-0,01948810403353304
0,025419869262157294;-0,262901004441593589;0,37571929018968120;0,06724213191565073;0,14579718560432572;0,06243062634964287;0,10449814596179484;0,08318922602211062;-0,09262915111476225;-0,019332881539018004;0,112125709816055158;0,14806144928843651;-0,07606441057867605;0,115844068345030166;-0,02112498911976073;0,14327520900170604;-0,06040194089946518;-0,11154818895882636;-0,18209433306917322;0,19875563368279259
0,000036703504496493;-0,208499731505771696;0,41253164521470387;0,14017034876960541;0,08350270805265071;0,00449343187209499;0,06585309292889029;0,01737312584884742;-0,03544404922156501;0,263157469484933348;-0,115622672457453599;-0,11774650884204742;-0,19814069937817649;-0,020218066332768014;-0,07188886830133023;-0,01362499316959687;-0,11666596224371159;0,15021653586701908;-0,17021271698532581;-0,09644778696858629
-0,209654051562688654;-0,222042171706004599;0,07006811528256911;0,05146181465586997;0,24638754647505176;-0,05998976345850501;0,36240687239684227;-0,30436157815861575;0,03395065374979566;-0,059728273125380330;0,072495748954925984;0,05114254640592053;-0,04252807699744381;0,115571635167199468;-0,14338160085559831;0,01105300586892837;-0,02566492647261862;0,17201009055701136;0,02678200182804953;0,05774468824531620
0,099441146382258871;-0,090241315546498016;0,14758692604978693;0,23880761860366181;0,06541776808253831;-0,20032372260102171;-0,11490731915243677;-0,15842005215456556;-0,21303172959294406;0,040683621339681432;-0,076413115027059539;-0,05470629337711932;-0,30866002621696853;-0,251389161242551618;0,01013614896870415;-0,06606996372572237;0,02223399138077339;-0,15979571375669674;0,06508555379846007;-0,06945719612507147
0,061129015186270792;-0,266377054218737364;0,38611749160585934;0,15877581590028061;-0,02649797833787625;-0,11977333720461235;-0,13950447636362701;-0,07918784248679313;0,10326389387783402;0,228966943685106533;0,211875046505806269;0,12893783694818647;0,01727945719285997;-0,049069091771973522;-0,12268075832832244;0,07242666749079234;0,02301177039522558;-0,10270143249687079;0,03118651567691066;0,00691425748036971
0,173024421628130809;-0,063697590703839665;0,14869055266848644;0,15945256368686667;0,00887915656301624;-0,22206870292248490;-0,30175764011217299;0,01292847668355516;0,17499168728619072;-0,200960554326380048;0,100663055766633952;-0,03246278213689509;0,03506302133015049;-0,030468261723893761;0,18293581012210647;-0,22942687924898100;-0,06731913743171139;0,23098270809202132;-0,04093078236190850;-0,08055529541940859
0,135544275284573384;-0,029645132698987799;0,17559691730348462;0,16194735508502789;-0,02766929552752908;-0,15806061202164148;-0,26644248954931082;0,03227715661879410;0,02593050747402731;-0,310357971700767676;0,033922609674913576;0,00300188899528186;-0,07200169821442548;0,210260456194059253;-0,00753684496582910;0,13060256243425100;0,19619280023992341;0,18933567434504736;0,12980795730988190;0,21254391728593219
0,064818832338983084;-0,000188247072773028;0,12413345351831755;0,20632304104429913;-0,03875726596093963;-0,12299798785566433;-0,19508212491606569;0,06987557760617480;0,13944678738692831;0,137785960068266905;0,413502252281180926;-0,19701745567439718;-0,22678616715448094;0,120567676642769461;-0,09394160936811402;-0,12413549583748590;-0,02564212761761583;-0,11869827064127708;0,08519336511475686;0,04791157813019023
-0,317931744039524400;0,059709917958195635;0,15741126644749323;-0,07134583419416329;0,09110148540977382;0,01013091182910903;0,34254789966944499;-0,31273458118548803;0,20798625095273238;-0,317811598058403311;0,031628634834777861;-0,21295215498190856;-0,24687373092140355;-0,112106196569781144;-0,15449064061316126;-0,06151344720233107;0,13087125249646045;-0,09699450681338891;0,00290752525776612;-0,04797508920664714
